{
    "aws_iam_group_policy": [
        {
            "id": "aws_iam_group_policy.root0",
            "name": "root0",
            "source": "iam-group-policy/iam-group-policy.yml",
            "line": 1,
            "type": "aws_iam_group_policy",
            "config": {
                "tags": null,
                "name": "root",
                "policy": "{\"Statement\":[{\"Action\":[\"*\"],\"Effect\":\"Allow\",\"Resource\":\"*\"}],\"Version\":\"2012-10-17\"}"
            },
            "skip_rules": [],
            "max_severity": "",
            "min_severity": ""
        },
        {
            "id": "aws_iam_group_policy.fullctrl1",
            "name": "fullctrl1",
            "source": "iam-group-policy/iam-group-policy.yml",
            "line": 1,
            "type": "aws_iam_group_policy",
            "config": {
                "tags": null,
                "name": "fullctrl",
                "policy": "{\"Statement\":[{\"Action\":[\"iam:passrole\"],\"Effect\":\"Allow\",\"Resource\":\"*\"}],\"Version\":\"2012-10-17\"}"
            },
            "skip_rules": [],
            "max_severity": "",
            "min_severity": ""
        }
    ],
    "aws_iam_policy": [
        {
            "id": "aws_iam_policy.MyPolicy",
            "name": "MyPolicy",
            "source": "iam-policy/iam-policy.yml",
            "line": 1,
            "type": "aws_iam_policy",
            "config": {
                "tags": null,
                "policy": "{\"Statement\":[{\"Action\":[\"*\"],\"Effect\":\"Allow\",\"Resource\":\"*\"}],\"Version\":\"2012-10-17\"}",
                "name": "CFNUsers"
            },
            "skip_rules": [],
            "max_severity": "",
            "min_severity": ""
        }
    ],
    "aws_iam_role": [
        {
            "id": "aws_iam_role.RootRole",
            "name": "RootRole",
            "source": "iam-role/iam-role.yml",
            "line": 1,
            "type": "aws_iam_role",
            "config": {
                "tags": null,
                "name": "",
                "assume_role_policy": "{\"Statement\":[{\"Action\":[\"*\"],\"Effect\":\"Allow\",\"Resource\":\"*\"}],\"Version\":\"2012-10-17\"}"
            },
            "skip_rules": [],
            "max_severity": "",
            "min_severity": ""
        },
        {
            "id": "aws_iam_role.RootRole",
            "name": "RootRole",
            "source": "iam-role-policy/iam-role-policy.yml",
            "line": 1,
            "type": "aws_iam_role",
            "config": {
                "tags": null,
                "name": "",
                "assume_role_policy": "null"
            },
            "skip_rules": [],
            "max_severity": "",
            "min_severity": ""
        }
    ],
    "aws_iam_role_policy": [
        {
            "id": "aws_iam_role_policy.root0",
            "name": "root0",
            "source": "iam-role-policy/iam-role-policy.yml",
            "line": 1,
            "type": "aws_iam_role_policy",
            "config": {
                "tags": null,
                "name": "root",
                "policy": "{\"Statement\":[{\"Action\":[\"*\"],\"Effect\":\"Allow\",\"Resource\":\"*\"}],\"Version\":\"2012-10-17\"}"
            },
            "skip_rules": [],
            "max_severity": "",
            "min_severity": ""
        },
        {
            "id": "aws_iam_role_policy.fullctrl1",
            "name": "fullctrl1",
            "source": "iam-role-policy/iam-role-policy.yml",
            "line": 1,
            "type": "aws_iam_role_policy",
            "config": {
                "tags": null,
                "name": "fullctrl",
                "policy": "{\"Statement\":[{\"Action\":[\"iam:passrole\"],\"Effect\":\"Allow\",\"Resource\":\"*\"}],\"Version\":\"2012-10-17\"}"
            },
            "skip_rules": [],
            "max_severity": "",
            "min_severity": ""
        }
    ],
    "aws_iam_user": [
        {
            "id": "aws_iam_user.CFNUser",
            "name": "CFNUser",
            "source": "iam-user/deploy.yml",
            "line": 1,
            "type": "aws_iam_user",
            "config": {
                "tags": null,
                "name": ""
            },
            "skip_rules": [],
            "max_severity": "",
            "min_severity": ""
        }
    ],
    "aws_iam_user_login_profile": [
        {
            "id": "aws_iam_user_login_profile.CFNUser",
            "name": "CFNUser",
            "source": "iam-user/deploy.yml",
            "line": 1,
            "type": "aws_iam_user_login_profile",
            "config": {
                "tags": null,
                "name": "",
                "password_reset_required": false
            },
            "skip_rules": [],
            "max_severity": "",
            "min_severity": ""
        }
    ],
    "aws_iam_user_policy": [
        {
            "id": "aws_iam_user_policy.root0",
            "name": "root0",
            "source": "iam-user/deploy.yml",
            "line": 1,
            "type": "aws_iam_user_policy",
            "config": {
                "tags": null,
                "name": "root",
                "policy": "{\"Statement\":[{\"Action\":[\"*\"],\"Effect\":\"Allow\",\"Resource\":\"*\"}],\"Version\":\"2012-10-17\"}"
            },
            "skip_rules": [],
            "max_severity": "",
            "min_severity": ""
        },
        {
            "id": "aws_iam_user_policy.fullctrl1",
            "name": "fullctrl1",
            "source": "iam-user/deploy.yml",
            "line": 1,
            "type": "aws_iam_user_policy",
            "config": {
                "tags": null,
                "name": "fullctrl",
                "policy": "{\"Statement\":[{\"Action\":[\"iam:passrole\"],\"Effect\":\"Allow\",\"Resource\":\"*\"}],\"Version\":\"2012-10-17\"}"
            },
            "skip_rules": [],
            "max_severity": "",
            "min_severity": ""
        },
        {
            "id": "aws_iam_user_policy.disableMfa2",
            "name": "disableMfa2",
            "source": "iam-user/deploy.yml",
            "line": 1,
            "type": "aws_iam_user_policy",
            "config": {
                "tags": null,
                "name": "disableMfa",
                "policy": "{\"Statement\":[{\"Action\":[\"iam:DeactivateMFADevice\"],\"Condition\":{\"Bool\":{\"aws:MultiFactorAuthPresent\":false}},\"Effect\":\"Allow\",\"Resource\":\"test\"}],\"Version\":\"2012-10-17\"}"
            },
            "skip_rules": [],
            "max_severity": "",
            "min_severity": ""
        }
    ]
}
