{
    "aws_secretsmanager_secret": [
        {
            "id": "aws_secretsmanager_secret.MySecretB",
            "name": "MySecretB",
            "source": "secretsmanager-secret/deploy.json",
            "line": 1,
            "type": "aws_secretsmanager_secret",
            "config": {
                "tags": [
                    {
                        "Key": "AppName",
                        "Value": "AppB"
                    }
                ],
                "name": "MySecretForAppB"
            },
            "skip_rules": [],
            "max_severity": "",
            "min_severity": ""
        },
        {
            "id": "aws_secretsmanager_secret.MySecret",
            "name": "MySecret",
            "source": "secretsmanager-secret-policy/deploy.yml",
            "line": 1,
            "type": "aws_secretsmanager_secret",
            "config": {
                "tags": null,
                "name": ""
            },
            "skip_rules": [],
            "max_severity": "",
            "min_severity": ""
        }
    ],
    "aws_secretsmanager_secret_policy": [
        {
            "id": "aws_secretsmanager_secret_policy.MySecretResourcePolicy",
            "name": "MySecretResourcePolicy",
            "source": "secretsmanager-secret-policy/deploy.yml",
            "line": 1,
            "type": "aws_secretsmanager_secret_policy",
            "config": {
                "tags": null,
                "name": "",
                "policy": "{\"Statement\":[{\"Action\":\"secretsmanager:*\",\"Effect\":\"Allow\",\"Principal\":{\"AWS\":\"*\"},\"Resource\":\"*\"}],\"Version\":\"2012-10-17\"}"
            },
            "skip_rules": [],
            "max_severity": "",
            "min_severity": ""
        }
    ]
}
